Category,Name,Title,Image,Price,Model
Кухонные фартуки из МДФ,"Фартук для кухни Лондон, артикул 0147","Фартук для кухни Лондон, артикул 0147",https://www.panda-panel.ru/upload/resize_cache/iblock/2f5/500_500_1/2f550a30f019b4fae692c39e16a334ba.jpg,3 500,"Фартук для кухни Лондон, артикул 0147"
Кухонные фартуки из МДФ,Кухонные фартуки артикул 0306,Кухонные фартуки артикул 0306,https://www.panda-panel.ru/upload/resize_cache/iblock/4e0/500_500_1/4e0c11c33cfbbbb19fb10511ecf1047b.jpg,3 500,Кухонные фартуки артикул 0306
Кухонные фартуки из МДФ,Кухонные фартуки артикул 0287,Кухонные фартуки артикул 0287,https://www.panda-panel.ru/upload/resize_cache/iblock/160/500_500_1/160fbe471a7a17369c15685e0115fd6d.jpg,3 500,Кухонные фартуки артикул 0287
Кухонные фартуки из МДФ,"Фартук для кухни Маки, артикул 0155","Фартук для кухни Маки, артикул 0155",https://www.panda-panel.ru/upload/resize_cache/iblock/820/500_500_1/82091ad56067f647d1941781af78c827.jpg,3 500,"Фартук для кухни Маки, артикул 0155"
Кухонные фартуки из МДФ,Кухонные фартуки артикул 0122,Кухонные фартуки артикул 0122,https://www.panda-panel.ru/upload/resize_cache/iblock/548/500_500_1/548c8e9424f85fd474b583cc57facf15.jpg,3 500,Кухонные фартуки артикул 0122
Кухонные фартуки из МДФ,Кухонные фартуки артикул 0319,Кухонные фартуки артикул 0319,https://www.panda-panel.ru/upload/resize_cache/iblock/378/500_500_1/378c1039d6d6ee6a9154214a3d8a3bfb.jpg,3 500,Кухонные фартуки артикул 0319
Кухонные фартуки из МДФ,Кухонные фартуки артикул 0233,Кухонные фартуки артикул 0233,https://www.panda-panel.ru/upload/resize_cache/iblock/442/500_500_1/442db62b26a6832a25fa464d092c680c.jpg,3 500,Кухонные фартуки артикул 0233
Кухонные фартуки из МДФ,Кухонные фартуки артикул 0214,Кухонные фартуки артикул 0214,https://www.panda-panel.ru/upload/resize_cache/iblock/adf/500_500_1/adf395d5eb636ac2dfd88f8dcb8e6ef0.jpg,3 500,Кухонные фартуки артикул 0214
Кухонные фартуки из МДФ,Кухонные фартуки артикул 0141,Кухонные фартуки артикул 0141,https://www.panda-panel.ru/upload/resize_cache/iblock/2a6/500_500_1/2a6847cfa107dd81a7458ff4567bdfb6.jpg,3 500,Кухонные фартуки артикул 0141
Кухонные фартуки из МДФ,Кухонные фартуки артикул 0274,Кухонные фартуки артикул 0274,https://www.panda-panel.ru/upload/resize_cache/iblock/1fe/500_500_1/1fe04430722f8d0f820dd7efb38181f0.jpg,3 500,Кухонные фартуки артикул 0274
Кухонные фартуки из МДФ,"Фартук для кухни Море и пляж, артикул 0107","Фартук для кухни Море и пляж, артикул 0107",https://www.panda-panel.ru/upload/resize_cache/iblock/b4a/500_500_1/b4aa05073e59b15e23242c6cbd148df9.jpg,3 500,"Фартук для кухни Море и пляж, артикул 0107"
Кухонные фартуки из МДФ,Кухонные фартуки артикул 0202,Кухонные фартуки артикул 0202,https://www.panda-panel.ru/upload/resize_cache/iblock/287/500_500_1/287a81a2c213254de728312eee4cd639.jpg,3 500,Кухонные фартуки артикул 0202
Кухонные фартуки из МДФ,Кухонные фартуки артикул 0170,Кухонные фартуки артикул 0170,https://www.panda-panel.ru/upload/resize_cache/iblock/757/500_500_1/75716e7f8e579bf71fcf7c40fddcde52.jpg,3 500,Кухонные фартуки артикул 0170
Кухонные фартуки из МДФ,Кухонные фартуки артикул 0347,Кухонные фартуки артикул 0347,https://www.panda-panel.ru/upload/resize_cache/iblock/1a6/500_500_1/1a68db8a9d9be138f951206f5b493dcc.jpg,3 500,Кухонные фартуки артикул 0347
Кухонные фартуки из МДФ,Кухонные фартуки артикул 0265,Кухонные фартуки артикул 0265,https://www.panda-panel.ru/upload/resize_cache/iblock/9e6/500_500_1/9e655c16f8cf0f75f4c01a2db9c1964c.jpg,3 500,Кухонные фартуки артикул 0265
Кухонные фартуки из МДФ,Кухонные фартуки артикул 0158,Кухонные фартуки артикул 0158,https://www.panda-panel.ru/upload/resize_cache/iblock/37e/500_500_1/37e7b94762d313f260eaa40bd8b5239b.jpg,3 500,Кухонные фартуки артикул 0158
Кухонные фартуки из МДФ,Кухонные фартуки артикул 0334,Кухонные фартуки артикул 0334,https://www.panda-panel.ru/upload/resize_cache/iblock/732/500_500_1/7321d1dd9179dd9e72214b2b8fcf691b.jpg,3 500,Кухонные фартуки артикул 0334
Кухонные фартуки из МДФ,Кухонные фартуки артикул 0252,Кухонные фартуки артикул 0252,https://www.panda-panel.ru/upload/resize_cache/iblock/220/500_500_1/220360de2da8b3926408effd6307f830.jpg,3 500,Кухонные фартуки артикул 0252
Кухонные фартуки из МДФ,Кухонные фартуки артикул 0220,Кухонные фартуки артикул 0220,https://www.panda-panel.ru/upload/resize_cache/iblock/420/500_500_1/42061e0be75c66cedf1792a7b620bac0.jpg,3 500,Кухонные фартуки артикул 0220
Кухонные фартуки из МДФ,Кухонные фартуки артикул 0293,Кухонные фартуки артикул 0293,https://www.panda-panel.ru/upload/resize_cache/iblock/e1c/500_500_1/e1c6cbc488c049aa0c21f872e0bac481.jpg,3 500,Кухонные фартуки артикул 0293
Кухонные фартуки из МДФ,Кухонные фартуки артикул 0128,Кухонные фартуки артикул 0128,https://www.panda-panel.ru/upload/resize_cache/iblock/ae9/500_500_1/ae9f319e425f03c00effe42643294b68.jpg,3 500,Кухонные фартуки артикул 0128
Кухонные фартуки из МДФ,Кухонные фартуки артикул 0189,Кухонные фартуки артикул 0189,https://www.panda-panel.ru/upload/resize_cache/iblock/f65/500_500_1/f6511c967f4f5872927d51d2dd829ff1.jpg,3 500,Кухонные фартуки артикул 0189
Кухонные фартуки из МДФ,Кухонные фартуки артикул 0280,Кухонные фартуки артикул 0280,https://www.panda-panel.ru/upload/resize_cache/iblock/1ea/500_500_1/1ea2762ea24bf52315beae6c211c1cd0.jpg,3 500,Кухонные фартуки артикул 0280
Кухонные фартуки из МДФ,Кухонные фартуки артикул 0114,Кухонные фартуки артикул 0114,https://www.panda-panel.ru/upload/resize_cache/iblock/a24/500_500_1/a244e479b85d4b3aaf8b35ec86901ba0.jpg,3 500,Кухонные фартуки артикул 0114
Кухонные фартуки из МДФ,Кухонные фартуки артикул 0208,Кухонные фартуки артикул 0208,https://www.panda-panel.ru/upload/resize_cache/iblock/7e6/500_500_1/7e6da429476bcb82fc44882616ec5f10.jpg,3 500,Кухонные фартуки артикул 0208
Кухонные фартуки из МДФ,Кухонные фартуки артикул 0118,Кухонные фартуки артикул 0118,https://www.panda-panel.ru/upload/resize_cache/iblock/603/500_500_1/603ac5cef30cf2c840d840d7c723cc6e.jpg,3 500,Кухонные фартуки артикул 0118
Кухонные фартуки из МДФ,Кухонные фартуки артикул 0262,Кухонные фартуки артикул 0262,https://www.panda-panel.ru/upload/resize_cache/iblock/edc/500_500_1/edc4587e56ab351ef8968dbd6a9fb2ba.jpg,3 500,Кухонные фартуки артикул 0262
Кухонные фартуки из МДФ,Кухонные фартуки артикул 0230,Кухонные фартуки артикул 0230,https://www.panda-panel.ru/upload/resize_cache/iblock/570/500_500_1/570994a6035bb84a8246ad60a1be81c2.jpg,3 500,Кухонные фартуки артикул 0230
Кухонные фартуки из МДФ,Кухонные фартуки артикул 0249,Кухонные фартуки артикул 0249,https://www.panda-panel.ru/upload/resize_cache/iblock/352/500_500_1/3528e1b7a58c1a1e49f2e7229332308a.jpg,3 500,Кухонные фартуки артикул 0249
Кухонные фартуки из МДФ,Кухонные фартуки артикул 0217,Кухонные фартуки артикул 0217,https://www.panda-panel.ru/upload/resize_cache/iblock/263/500_500_1/2631867fdea175b9bb7e5f43871735f0.jpg,3 500,Кухонные фартуки артикул 0217
Кухонные фартуки из МДФ,Кухонные фартуки артикул 0356,Кухонные фартуки артикул 0356,https://www.panda-panel.ru/upload/resize_cache/iblock/fe2/500_500_1/fe26899bdaac86129cdacd3e8f0e6959.jpg,3 500,Кухонные фартуки артикул 0356
Кухонные фартуки из МДФ,Кухонные фартуки артикул 0320,Кухонные фартуки артикул 0320,https://www.panda-panel.ru/upload/resize_cache/iblock/d7f/500_500_1/d7f9ee5c3d0fc835bbc0e389056aa163.jpg,3 500,Кухонные фартуки артикул 0320
Кухонные фартуки из МДФ,Кухонные фартуки артикул 0200,Кухонные фартуки артикул 0200,https://www.panda-panel.ru/upload/resize_cache/iblock/91c/500_500_1/91c083e013b9227cc4f485640ce682a5.jpg,3 500,Кухонные фартуки артикул 0200
Кухонные фартуки из МДФ,Кухонные фартуки артикул 0323,Кухонные фартуки артикул 0323,https://www.panda-panel.ru/upload/resize_cache/iblock/b05/500_500_1/b05c57764bb14741def8e0f5a7d86990.jpg,3 500,Кухонные фартуки артикул 0323
Кухонные фартуки из МДФ,Кухонные фартуки артикул 0288,Кухонные фартуки артикул 0288,https://www.panda-panel.ru/upload/resize_cache/iblock/7fe/500_500_1/7fe196567ee8ec75d84c763a08d4d6fb.jpg,3 500,Кухонные фартуки артикул 0288
Кухонные фартуки из МДФ,Кухонные фартуки артикул 0138,Кухонные фартуки артикул 0138,https://www.panda-panel.ru/upload/resize_cache/iblock/a2e/500_500_1/a2eb1cefc4dcde79e52f1390424c64ef.jpg,3 500,Кухонные фартуки артикул 0138
Кухонные фартуки из МДФ,Кухонные фартуки артикул 0168,Кухонные фартуки артикул 0168,https://www.panda-panel.ru/upload/resize_cache/iblock/a7a/500_500_1/a7a9ff5d8103a438dfdc63e836afcd95.jpg,3 500,Кухонные фартуки артикул 0168
Кухонные фартуки из МДФ,"Фартук для кухни Черные шары, артикул 0103","Фартук для кухни Черные шары, артикул 0103",https://www.panda-panel.ru/upload/resize_cache/iblock/0d5/500_500_1/0d5cdfce186cb4e278fa7bbefca9eb1a.jpg,3 500,"Фартук для кухни Черные шары, артикул 0103"
Кухонные фартуки из МДФ,Кухонные фартуки артикул 0187,Кухонные фартуки артикул 0187,https://www.panda-panel.ru/upload/resize_cache/iblock/12f/500_500_1/12f553babae575d0a3763688402f1428.jpg,3 500,Кухонные фартуки артикул 0187
Кухонные фартуки из МДФ,Кухонные фартуки артикул 0275,Кухонные фартуки артикул 0275,https://www.panda-panel.ru/upload/resize_cache/iblock/768/500_500_1/768cdfc28e13ab7983dc6f0f9cc8893e.jpg,3 500,Кухонные фартуки артикул 0275
Кухонные фартуки из МДФ,Кухонные фартуки артикул 0124,Кухонные фартуки артикул 0124,https://www.panda-panel.ru/upload/resize_cache/iblock/dfa/500_500_1/dfab8407e6b7dad61c273a6eeca665b6.jpg,3 500,Кухонные фартуки артикул 0124
Кухонные фартуки из МДФ,Кухонные фартуки артикул 0236,Кухонные фартуки артикул 0236,https://www.panda-panel.ru/upload/resize_cache/iblock/758/500_500_1/75840b8348d6c7543bb869ae8b1308e1.jpg,3 500,Кухонные фартуки артикул 0236
Кухонные фартуки из МДФ,Кухонные фартуки артикул 0342,Кухонные фартуки артикул 0342,https://www.panda-panel.ru/upload/resize_cache/iblock/3c7/500_500_1/3c775b7c2b4a2bce14e0ee0e604e4061.jpg,3 500,Кухонные фартуки артикул 0342
Кухонные фартуки из МДФ,Кухонные фартуки артикул 0302,Кухонные фартуки артикул 0302,https://www.panda-panel.ru/upload/resize_cache/iblock/cbe/500_500_1/cbec49d85443a31ead1acfac50896678.jpg,3 500,Кухонные фартуки артикул 0302
Кухонные фартуки из МДФ,Кухонные фартуки артикул 0178,Кухонные фартуки артикул 0178,https://www.panda-panel.ru/upload/resize_cache/iblock/cc5/500_500_1/cc587f83810e9796741df30b3830f410.jpg,3 500,Кухонные фартуки артикул 0178
Кухонные фартуки из МДФ,Кухонные фартуки артикул 0270,Кухонные фартуки артикул 0270,https://www.panda-panel.ru/upload/resize_cache/iblock/793/500_500_1/793eec7c734d9409f1a6ea4bdef28439.jpg,3 500,Кухонные фартуки артикул 0270
Кухонные фартуки из МДФ,Кухонные фартуки артикул 0149,Кухонные фартуки артикул 0149,https://www.panda-panel.ru/upload/resize_cache/iblock/833/500_500_1/833912c3ace69b34bf088d03199201da.jpg,3 500,Кухонные фартуки артикул 0149
Кухонные фартуки из МДФ,Кухонные фартуки артикул 0117,Кухонные фартуки артикул 0117,https://www.panda-panel.ru/upload/resize_cache/iblock/e35/500_500_1/e351366326d79e64a7f1c414c2b62d03.jpg,3 500,Кухонные фартуки артикул 0117
Кухонные фартуки из МДФ,Кухонные фартуки артикул 0136,Кухонные фартуки артикул 0136,https://www.panda-panel.ru/upload/resize_cache/iblock/a50/500_500_1/a50ad45e8fafb0f9806724ee1cd608f7.jpg,3 500,Кухонные фартуки артикул 0136
Кухонные фартуки из МДФ,"Фартук для кухни Оливки, артикул 0101","Фартук для кухни Оливки, артикул 0101",https://www.panda-panel.ru/upload/resize_cache/iblock/31e/500_500_1/31e116305d5828e242504d85237caa17.jpg,3 500,"Фартук для кухни Оливки, артикул 0101"
Кухонные фартуки из МДФ,Кухонные фартуки артикул 0197,Кухонные фартуки артикул 0197,https://www.panda-panel.ru/upload/resize_cache/iblock/599/500_500_1/5994e52a12e3251c1ed3190127a80edc.jpg,3 500,Кухонные фартуки артикул 0197
Кухонные фартуки из МДФ,Кухонные фартуки артикул 0289,Кухонные фартуки артикул 0289,https://www.panda-panel.ru/upload/resize_cache/iblock/a0b/500_500_1/a0bcce2d8811c00ecbe886b7d0d0a759.jpg,3 500,Кухонные фартуки артикул 0289
Кухонные фартуки из МДФ,Кухонные фартуки артикул 0165,Кухонные фартуки артикул 0165,https://www.panda-panel.ru/upload/resize_cache/iblock/81c/500_500_1/81c8be429772d5213e11a939df9acac0.jpg,3 500,Кухонные фартуки артикул 0165
Кухонные фартуки из МДФ,Кухонные фартуки артикул 0229,Кухонные фартуки артикул 0229,https://www.panda-panel.ru/upload/resize_cache/iblock/a98/500_500_1/a980d336c7a769fbd67fdb569d9d5762.jpg,3 500,Кухонные фартуки артикул 0229
Кухонные фартуки из МДФ,Кухонные фартуки артикул 0308,Кухонные фартуки артикул 0308,https://www.panda-panel.ru/upload/resize_cache/iblock/60c/500_500_1/60c51851748670e15d61098d40531c9a.jpg,3 500,Кухонные фартуки артикул 0308
Кухонные фартуки из МДФ,Кухонные фартуки артикул 0184,Кухонные фартуки артикул 0184,https://www.panda-panel.ru/upload/resize_cache/iblock/0dc/500_500_1/0dcbf352a973b6749c10cb90fe63d0b5.jpg,3 500,Кухонные фартуки артикул 0184
Кухонные фартуки из МДФ,Кухонные фартуки артикул 0276,Кухонные фартуки артикул 0276,https://www.panda-panel.ru/upload/resize_cache/iblock/569/500_500_1/569210c01dffd77182e15ac96884b802.jpg,3 500,Кухонные фартуки артикул 0276
Кухонные фартуки из МДФ,Кухонные фартуки артикул 0156,Кухонные фартуки артикул 0156,https://www.panda-panel.ru/upload/resize_cache/iblock/9cd/500_500_1/9cddff7447be47427e36a6944e4d4048.jpg,3 500,Кухонные фартуки артикул 0156
Кухонные фартуки из МДФ,"Фартук для кухни Город, артикул 0123","Фартук для кухни Город, артикул 0123",https://www.panda-panel.ru/upload/resize_cache/iblock/517/500_500_1/5178ca1d58cf5eebd07f407fd7e765d0.jpg,3 500,"Фартук для кухни Город, артикул 0123"
Кухонные фартуки из МДФ,Кухонные фартуки артикул 0335,Кухонные фартуки артикул 0335,https://www.panda-panel.ru/upload/resize_cache/iblock/01a/500_500_1/01a41295dfa1e383065ee2d46cd73fbc.jpg,3 500,Кухонные фартуки артикул 0335
Кухонные фартуки из МДФ,Кухонные фартуки артикул 0261,Кухонные фартуки артикул 0261,https://www.panda-panel.ru/upload/resize_cache/iblock/0fc/500_500_1/0fcf38d1f2af615453a4a963d46ab94c.jpg,3 500,Кухонные фартуки артикул 0261
Кухонные фартуки из МДФ,Кухонные фартуки артикул 0325,Кухонные фартуки артикул 0325,https://www.panda-panel.ru/upload/resize_cache/iblock/8bd/500_500_1/8bdbe4d9220e89692f9dd9d5562b67c3.jpg,3 500,Кухонные фартуки артикул 0325
Кухонные фартуки из МДФ,Кухонные фартуки артикул 0182,Кухонные фартуки артикул 0182,https://www.panda-panel.ru/upload/resize_cache/iblock/e50/500_500_1/e50a533170a218eb79565eec2761ff4a.jpg,3 500,Кухонные фартуки артикул 0182
Кухонные фартуки из МДФ,Кухонные фартуки артикул 0119,Кухонные фартуки артикул 0119,https://www.panda-panel.ru/upload/resize_cache/iblock/e9c/500_500_1/e9c088628adf98e81a72bfd443ad00ae.jpg,3 500,Кухонные фартуки артикул 0119
Кухонные фартуки из МДФ,Кухонные фартуки артикул 0344,Кухонные фартуки артикул 0344,https://www.panda-panel.ru/upload/resize_cache/iblock/27c/500_500_1/27cc82cdfe05b0f49a99723ab18df683.jpg,3 500,Кухонные фартуки артикул 0344
Кухонные фартуки из МДФ,Кухонные фартуки артикул 0201,Кухонные фартуки артикул 0201,https://www.panda-panel.ru/upload/resize_cache/iblock/f88/500_500_1/f8808afc365ab640ca2da684b79b9bcf.jpg,3 500,Кухонные фартуки артикул 0201
Кухонные фартуки из МДФ,Кухонные фартуки артикул 0169,Кухонные фартуки артикул 0169,https://www.panda-panel.ru/upload/resize_cache/iblock/3b3/500_500_1/3b364be6a2cb6b2029317c2128c5f874.jpg,3 500,Кухонные фартуки артикул 0169
Кухонные фартуки из МДФ,"Фартук для кухни Дождь, артикул 0104","Фартук для кухни Дождь, артикул 0104",https://www.panda-panel.ru/upload/resize_cache/iblock/93d/500_500_1/93d8fdfa7567694184cd0718228aa376.jpg,3 500,"Фартук для кухни Дождь, артикул 0104"
Кухонные фартуки из МДФ,Кухонные фартуки артикул 0137,Кухонные фартуки артикул 0137,https://www.panda-panel.ru/upload/resize_cache/iblock/629/500_500_1/629fa9f94bb260e32e8a87bfed36ba9f.jpg,3 500,Кухонные фартуки артикул 0137
Кухонные фартуки из МДФ,Кухонные фартуки артикул 0125,Кухонные фартуки артикул 0125,https://www.panda-panel.ru/upload/resize_cache/iblock/598/500_500_1/598d521c4698343fb8ccb2016c092ddf.jpg,3 500,Кухонные фартуки артикул 0125
Кухонные фартуки из МДФ,Кухонные фартуки артикул 0157,Кухонные фартуки артикул 0157,https://www.panda-panel.ru/upload/resize_cache/iblock/c67/500_500_1/c670afacb99fdef1291217628c43b5b1.jpg,3 500,Кухонные фартуки артикул 0157
Кухонные фартуки из МДФ,Кухонные фартуки артикул 0314,Кухонные фартуки артикул 0314,https://www.panda-panel.ru/upload/resize_cache/iblock/9c1/500_500_1/9c1dc99b8fecf224e801fe3f609e87cc.jpg,3 500,Кухонные фартуки артикул 0314
Кухонные фартуки из МДФ,Кухонные фартуки артикул 0367,Кухонные фартуки артикул 0367,https://www.panda-panel.ru/upload/resize_cache/iblock/0c7/500_500_1/0c7d32be5e473e1ff14c4af3236b81de.jpg,3 500,Кухонные фартуки артикул 0367
Кухонные фартуки из МДФ,Кухонные фартуки артикул 0235,Кухонные фартуки артикул 0235,https://www.panda-panel.ru/upload/resize_cache/iblock/388/500_500_1/3883cc8d24b087ba63bec82bb7c14406.jpg,3 500,Кухонные фартуки артикул 0235
Кухонные фартуки из МДФ,Кухонные фартуки артикул 0282,Кухонные фартуки артикул 0282,https://www.panda-panel.ru/upload/resize_cache/iblock/7fa/500_500_1/7fa31f996dbf6ba5b04071870a53b4c2.jpg,3 500,Кухонные фартуки артикул 0282
Кухонные фартуки из МДФ,Кухонные фартуки артикул 0188,Кухонные фартуки артикул 0188,https://www.panda-panel.ru/upload/resize_cache/iblock/042/500_500_1/04237bd01bc23b82331943769a6e02d8.jpg,3 500,Кухонные фартуки артикул 0188
Кухонные фартуки из МДФ,Кухонные фартуки артикул 0331,Кухонные фартуки артикул 0331,https://www.panda-panel.ru/upload/resize_cache/iblock/2fb/500_500_1/2fb20fd13783bf1e7d26d480ffb68e2f.jpg,3 500,Кухонные фартуки артикул 0331
Кухонные фартуки из МДФ,Кухонные фартуки артикул 0254,Кухонные фартуки артикул 0254,https://www.panda-panel.ru/upload/resize_cache/iblock/148/500_500_1/148b8371faad18920cefb72f99021661.jpg,3 500,Кухонные фартуки артикул 0254
Кухонные фартуки из МДФ,Кухонные фартуки артикул 0301,Кухонные фартуки артикул 0301,https://www.panda-panel.ru/upload/resize_cache/iblock/81f/500_500_1/81fa9da5f60c401e051deb084dec2059.jpg,3 500,Кухонные фартуки артикул 0301
Кухонные фартуки из МДФ,Кухонные фартуки артикул 0259,Кухонные фартуки артикул 0259,https://www.panda-panel.ru/upload/resize_cache/iblock/bb2/500_500_1/bb2b7892523619da9f40a79ca4f5a10d.jpg,3 500,Кухонные фартуки артикул 0259
Кухонные фартуки из МДФ,Кухонные фартуки артикул 0317,Кухонные фартуки артикул 0317,https://www.panda-panel.ru/upload/resize_cache/iblock/1cd/500_500_1/1cd7f4f8372226bf8ee1f94ea1bd8e97.JPG,3 500,Кухонные фартуки артикул 0317
Кухонные фартуки из МДФ,Кухонные фартуки артикул 0246,Кухонные фартуки артикул 0246,https://www.panda-panel.ru/upload/resize_cache/iblock/cd3/500_500_1/cd306c49b4347f8470c4ef2c80aea3c1.jpg,3 500,Кухонные фартуки артикул 0246
Кухонные фартуки из МДФ,Кухонные фартуки артикул 0286,Кухонные фартуки артикул 0286,https://www.panda-panel.ru/upload/resize_cache/iblock/c8f/500_500_1/c8fdf58a32c83e3b94242be7d5694f2b.jpg,3 500,Кухонные фартуки артикул 0286
Кухонные фартуки из МДФ,Кухонные фартуки артикул 0354,Кухонные фартуки артикул 0354,https://www.panda-panel.ru/upload/resize_cache/iblock/84b/500_500_1/84b67c4fa2e6fbcaea36770bbc721f97.jpg,3 500,Кухонные фартуки артикул 0354
Кухонные фартуки из МДФ,Кухонные фартуки артикул 0134,Кухонные фартуки артикул 0134,https://www.panda-panel.ru/upload/resize_cache/iblock/114/500_500_1/114536b055ff7f18aeafa12e1e51192d.jpg,3 500,Кухонные фартуки артикул 0134
Кухонные фартуки из МДФ,"Фартук для кухни Маслины, артикул 0108","Фартук для кухни Маслины, артикул 0108",https://www.panda-panel.ru/upload/resize_cache/iblock/d51/500_500_1/d514c60f38d23519ed514b1299759519.jpg,3 500,"Фартук для кухни Маслины, артикул 0108"
Кухонные фартуки из МДФ,Кухонные фартуки артикул 0154,Кухонные фартуки артикул 0154,https://www.panda-panel.ru/upload/resize_cache/iblock/029/500_500_1/029c7ad36cf7c9f3f51786b208dd94d3.jpg,3 500,Кухонные фартуки артикул 0154
Кухонные фартуки из МДФ,Кухонные фартуки артикул 0341,Кухонные фартуки артикул 0341,https://www.panda-panel.ru/upload/resize_cache/iblock/1de/500_500_1/1de24b8d25b0b3c8e79217bf83860004.jpg,3 500,Кухонные фартуки артикул 0341
Кухонные фартуки из МДФ,Кухонные фартуки артикул 0121,Кухонные фартуки артикул 0121,https://www.panda-panel.ru/upload/resize_cache/iblock/2bb/500_500_1/2bb6f4c5c488ae4754cc68a82d9012eb.jpg,3 500,Кухонные фартуки артикул 0121
Кухонные фартуки из МДФ,Кухонные фартуки артикул 0304,Кухонные фартуки артикул 0304,https://www.panda-panel.ru/upload/resize_cache/iblock/0be/500_500_1/0be6fc01d6ab59957406b35e81959670.jpg,3 500,Кухонные фартуки артикул 0304
Кухонные фартуки из МДФ,Кухонные фартуки артикул 0272,Кухонные фартуки артикул 0272,https://www.panda-panel.ru/upload/resize_cache/iblock/e61/500_500_1/e619be71b2f48f74075cc669726761c8.jpg,3 500,Кухонные фартуки артикул 0272
Кухонные фартуки из МДФ,Кухонные фартуки артикул 0161,Кухонные фартуки артикул 0161,https://www.panda-panel.ru/upload/resize_cache/iblock/b58/500_500_1/b58d167a08bafa2ddc534b69826d4962.jpg,3 500,Кухонные фартуки артикул 0161
Кухонные фартуки из МДФ,Кухонные фартуки артикул 0291,Кухонные фартуки артикул 0291,https://www.panda-panel.ru/upload/resize_cache/iblock/c70/500_500_1/c70f5371e4ebeb4303235303db3573e4.jpg,3 500,Кухонные фартуки артикул 0291
Кухонные фартуки из МДФ,Кухонные фартуки артикул 0362,Кухонные фартуки артикул 0362,https://www.panda-panel.ru/upload/resize_cache/iblock/d1b/500_500_1/d1b195bc8b25872fcabea2ed9dd30653.jpg,3 500,Кухонные фартуки артикул 0362
Кухонные фартуки из МДФ,Кухонные фартуки артикул 0140,Кухонные фартуки артикул 0140,https://www.panda-panel.ru/upload/resize_cache/iblock/b38/500_500_1/b38803e538027197c4f62fafd6497b32.jpg,3 500,Кухонные фартуки артикул 0140
Кухонные фартуки из МДФ,Кухонные фартуки артикул 0328,Кухонные фартуки артикул 0328,https://www.panda-panel.ru/upload/resize_cache/iblock/9b7/500_500_1/9b7e73a8463f850eb49f4069e717b0a9.jpg,3 500,Кухонные фартуки артикул 0328
Кухонные фартуки из МДФ,"Фартук для кухни Кубики льда, артикул 0106","Фартук для кухни Кубики льда, артикул 0106",https://www.panda-panel.ru/upload/resize_cache/iblock/191/500_500_1/191f198ca3f22035614de75124aafd85.jpg,3 500,"Фартук для кухни Кубики льда, артикул 0106"
Кухонные фартуки из МДФ,Кухонные фартуки артикул 0180,Кухонные фартуки артикул 0180,https://www.panda-panel.ru/upload/resize_cache/iblock/a12/500_500_1/a129a97c1db70482e0587dd1f9daedd4.jpg,3 500,Кухонные фартуки артикул 0180
Кухонные фартуки из МДФ,Кухонные фартуки артикул 0250,Кухонные фартуки артикул 0250,https://www.panda-panel.ru/upload/resize_cache/iblock/c33/500_500_1/c3396a9eaae039e770049a0df7794074.jpg,3 500,Кухонные фартуки артикул 0250
Кухонные фартуки из МДФ,Кухонные фартуки артикул 0237,Кухонные фартуки артикул 0237,https://www.panda-panel.ru/upload/resize_cache/iblock/728/500_500_1/728336445f333fccf61961dcef3686e5.jpg,3 500,Кухонные фартуки артикул 0237
Кухонные фартуки из МДФ,Кухонные фартуки артикул 0198,Кухонные фартуки артикул 0198,https://www.panda-panel.ru/upload/resize_cache/iblock/141/500_500_1/1413552dce6ccb7363f0851291cdd807.jpg,3 500,Кухонные фартуки артикул 0198
Кухонные фартуки из МДФ,"Фартук для кухни Тюльпаны, артикул 0166","Фартук для кухни Тюльпаны, артикул 0166",https://www.panda-panel.ru/upload/resize_cache/iblock/63a/500_500_1/63a1fb91d2744db4f03e12bc88847ae3.jpg,3 500,"Фартук для кухни Тюльпаны, артикул 0166"
Кухонные фартуки из МДФ,Кухонные фартуки артикул 0185,Кухонные фартуки артикул 0185,https://www.panda-panel.ru/upload/resize_cache/iblock/6f4/500_500_1/6f420046296e49c975c133cecaaee939.jpg,3 500,Кухонные фартуки артикул 0185
Кухонные фартуки из МДФ,Кухонные фартуки артикул 0256,Кухонные фартуки артикул 0256,https://www.panda-panel.ru/upload/resize_cache/iblock/b68/500_500_1/b6858a116287d0e0b1b5a1d3248285f6.jpg,3 500,Кухонные фартуки артикул 0256
Кухонные фартуки из МДФ,Кухонные фартуки артикул 0224,Кухонные фартуки артикул 0224,https://www.panda-panel.ru/upload/resize_cache/iblock/011/500_500_1/01177b1cf3fd57c6c469b92018e8dad3.jpg,3 500,Кухонные фартуки артикул 0224
Кухонные фартуки из МДФ,Кухонные фартуки артикул 0243,Кухонные фартуки артикул 0243,https://www.panda-panel.ru/upload/resize_cache/iblock/9af/500_500_1/9afda100c70d4ee5fd2d624a5fe9149c.jpg,3 500,Кухонные фартуки артикул 0243
Кухонные фартуки из МДФ,Кухонные фартуки артикул 0204,Кухонные фартуки артикул 0204,https://www.panda-panel.ru/upload/resize_cache/iblock/925/500_500_1/9253ce799dc06e8711fe777ed1da740b.jpg,3 500,Кухонные фартуки артикул 0204
Кухонные фартуки из МДФ,Кухонные фартуки артикул 0211,Кухонные фартуки артикул 0211,https://www.panda-panel.ru/upload/resize_cache/iblock/a54/500_500_1/a54c0ef56aba0d59b21b4516c2349ad4.jpg,3 500,Кухонные фартуки артикул 0211
Кухонные фартуки из МДФ,Кухонные фартуки артикул 0172,Кухонные фартуки артикул 0172,https://www.panda-panel.ru/upload/resize_cache/iblock/282/500_500_1/282175ba7f7155c53aaa7a8ed91e377c.jpg,3 500,Кухонные фартуки артикул 0172
Кухонные фартуки из МДФ,Кухонные фартуки артикул 0193,Кухонные фартуки артикул 0193,https://www.panda-panel.ru/upload/resize_cache/iblock/740/500_500_1/740d771ce6ae0d6719e29164d4683e8d.jpg,3 500,Кухонные фартуки артикул 0193
Кухонные фартуки из МДФ,Кухонные фартуки артикул 0179,Кухонные фартуки артикул 0179,https://www.panda-panel.ru/upload/resize_cache/iblock/8dd/500_500_1/8dd25a1f93249f9e5b05bf30d920523c.jpg,3 500,Кухонные фартуки артикул 0179
Кухонные фартуки из МДФ,Кухонные фартуки артикул 0310,Кухонные фартуки артикул 0310,https://www.panda-panel.ru/upload/resize_cache/iblock/89c/500_500_1/89c8d62cb9c7b5704ebe6e550db27561.jpg,3 500,Кухонные фартуки артикул 0310
Кухонные фартуки из МДФ,Кухонные фартуки артикул 0350,Кухонные фартуки артикул 0350,https://www.panda-panel.ru/upload/resize_cache/iblock/d3c/500_500_1/d3c9172a2dfb01d1f498cf9c2b92d4a9.jpg,3 500,Кухонные фартуки артикул 0350
Кухонные фартуки из МДФ,Кухонные фартуки артикул 0207,Кухонные фартуки артикул 0207,https://www.panda-panel.ru/upload/resize_cache/iblock/160/500_500_1/1607d4308437242de7078979fa0140d5.jpg,3 500,Кухонные фартуки артикул 0207
Кухонные фартуки из МДФ,Кухонные фартуки артикул 0144,Кухонные фартуки артикул 0144,https://www.panda-panel.ru/upload/resize_cache/iblock/760/500_500_1/760358f002682d8044173a58e86b4269.jpg,3 500,Кухонные фартуки артикул 0144
Кухонные фартуки из МДФ,Кухонные фартуки артикул 0167,Кухонные фартуки артикул 0167,https://www.panda-panel.ru/upload/resize_cache/iblock/7f7/500_500_1/7f7670c5d33cfe36df44bb6a2bcf3f6f.jpg,3 500,Кухонные фартуки артикул 0167
Кухонные фартуки из МДФ,Кухонные фартуки артикул 0227,Кухонные фартуки артикул 0227,https://www.panda-panel.ru/upload/resize_cache/iblock/6c9/500_500_1/6c9051fc92bc75eea2359d55a0a8cd64.jpg,3 500,Кухонные фартуки артикул 0227
Кухонные фартуки из МДФ,"Фартук для кухни Красные розы, артикул 0186","Фартук для кухни Красные розы, артикул 0186",https://www.panda-panel.ru/upload/resize_cache/iblock/803/500_500_1/8032a030610e531e98b82b9597a6d001.jpg,3 500,"Фартук для кухни Красные розы, артикул 0186"
Кухонные фартуки из МДФ,Кухонные фартуки артикул 0127,Кухонные фартуки артикул 0127,https://www.panda-panel.ru/upload/resize_cache/iblock/c9a/500_500_1/c9a2c76a9b8e4a9302572cbbc33b267d.jpg,3 500,Кухонные фартуки артикул 0127
Кухонные фартуки из МДФ,Кухонные фартуки артикул 0313,Кухонные фартуки артикул 0313,https://www.panda-panel.ru/upload/resize_cache/iblock/8e5/500_500_1/8e579924c6dbf2d50fcadbcd476c1f6f.jpg,3 500,Кухонные фартуки артикул 0313
Кухонные фартуки из МДФ,Кухонные фартуки артикул 0281,Кухонные фартуки артикул 0281,https://www.panda-panel.ru/upload/resize_cache/iblock/a17/500_500_1/a1743b7c3bafd5608c243a4eeabdfa93.jpg,3 500,Кухонные фартуки артикул 0281
Кухонные фартуки из МДФ,Кухонные фартуки артикул 0205,Кухонные фартуки артикул 0205,https://www.panda-panel.ru/upload/resize_cache/iblock/12c/500_500_1/12c338033f008705240883ff9c6f030d.jpg,3 500,Кухонные фартуки артикул 0205
Кухонные фартуки из МДФ,Кухонные фартуки артикул 0146,Кухонные фартуки артикул 0146,https://www.panda-panel.ru/upload/resize_cache/iblock/395/500_500_1/39536275224f63e0a98649627c0c3ff1.jpg,3 500,Кухонные фартуки артикул 0146
Кухонные фартуки из МДФ,Кухонные фартуки артикул 0173,Кухонные фартуки артикул 0173,https://www.panda-panel.ru/upload/resize_cache/iblock/c22/500_500_1/c22d7bb24f1043f006513d2ee71e969f.jpg,3 500,Кухонные фартуки артикул 0173
Кухонные фартуки из МДФ,Кухонные фартуки артикул 0113,Кухонные фартуки артикул 0113,https://www.panda-panel.ru/upload/resize_cache/iblock/350/500_500_1/3503ce63950e1299ab2b4d417e46c05e.jpg,3 500,Кухонные фартуки артикул 0113
Кухонные фартуки из МДФ,Кухонные фартуки артикул 0133,Кухонные фартуки артикул 0133,https://www.panda-panel.ru/upload/resize_cache/iblock/e33/500_500_1/e3339d348947075d3bd0726a309dd939.jpg,3 500,Кухонные фартуки артикул 0133
Кухонные фартуки из МДФ,Кухонные фартуки артикул 0160,Кухонные фартуки артикул 0160,https://www.panda-panel.ru/upload/resize_cache/iblock/7b8/500_500_1/7b83676652b28a8f2853ac35736ea9e9.jpg,3 500,Кухонные фартуки артикул 0160
Кухонные фартуки из МДФ,"Фартук для кухни Зеленое яблоко, артикул 0102","Фартук для кухни Зеленое яблоко, артикул 0102",https://www.panda-panel.ru/upload/resize_cache/iblock/f83/500_500_1/f836ea07a891d2ea11c63d2e81133ac9.jpg,3 500,"Фартук для кухни Зеленое яблоко, артикул 0102"
Кухонные фартуки из МДФ,Кухонные фартуки артикул 0300,Кухонные фартуки артикул 0300,https://www.panda-panel.ru/upload/resize_cache/iblock/fbf/500_500_1/fbfb593326803827adf67840a7f9b875.JPG,3 500,Кухонные фартуки артикул 0300
Кухонные фартуки из МДФ,Кухонные фартуки артикул 0268,Кухонные фартуки артикул 0268,https://www.panda-panel.ru/upload/resize_cache/iblock/088/500_500_1/0885299e8c9d397cad6195fef7c5d1bc.jpg,3 500,Кухонные фартуки артикул 0268
Кухонные фартуки из МДФ,"Фартук для кухни Фрукты и овощи, артикул 0192","Фартук для кухни Фрукты и овощи, артикул 0192",https://www.panda-panel.ru/upload/resize_cache/iblock/22a/500_500_1/22ad54c0002e32c1ef7fe7a2d03ea686.jpg,3 500,"Фартук для кухни Фрукты и овощи, артикул 0192"
Кухонные фартуки из МДФ,Кухонные фартуки артикул 0222,Кухонные фартуки артикул 0222,https://www.panda-panel.ru/upload/resize_cache/iblock/872/500_500_1/872c8cc59620e9edfd87abc106af9c20.jpg,3 500,Кухонные фартуки артикул 0222
Кухонные фартуки из МДФ,Кухонные фартуки артикул 0369,Кухонные фартуки артикул 0369,https://www.panda-panel.ru/upload/resize_cache/iblock/715/500_500_1/715c0031ce1515cd3454fcac1630838e.jpg,3 500,Кухонные фартуки артикул 0369
Кухонные фартуки из МДФ,Кухонные фартуки артикул 0231,Кухонные фартуки артикул 0231,https://www.panda-panel.ru/upload/resize_cache/iblock/73a/500_500_1/73a966c04403df8f8c5ce317504eeb3e.jpg,3 500,Кухонные фартуки артикул 0231
Кухонные фартуки из МДФ,Кухонные фартуки артикул 0351,Кухонные фартуки артикул 0351,https://www.panda-panel.ru/upload/resize_cache/iblock/281/500_500_1/2816c1a3ea7b554208874e8a93afc3e1.jpg,3 500,Кухонные фартуки артикул 0351
Кухонные фартуки из МДФ,Кухонные фартуки артикул 0263,Кухонные фартуки артикул 0263,https://www.panda-panel.ru/upload/resize_cache/iblock/bb8/500_500_1/bb8d57ec72c5ef03b2c6b14ac874c714.jpg,3 500,Кухонные фартуки артикул 0263
Кухонные фартуки из МДФ,Кухонные фартуки артикул 0218,Кухонные фартуки артикул 0218,https://www.panda-panel.ru/upload/resize_cache/iblock/18d/500_500_1/18dcad734c49795260af22f22b3acf6a.jpg,3 500,Кухонные фартуки артикул 0218
Кухонные фартуки из МДФ,Кухонные фартуки артикул 0338,Кухонные фартуки артикул 0338,https://www.panda-panel.ru/upload/resize_cache/iblock/554/500_500_1/554648bf1de35134d4a105f28a916d47.jpg,3 500,Кухонные фартуки артикул 0338
Кухонные фартуки из МДФ,Кухонные фартуки артикул 0358,Кухонные фартуки артикул 0358,https://www.panda-panel.ru/upload/resize_cache/iblock/d70/500_500_1/d70ddc6b67f334963de0e4dde2af41e5.jpg,3 500,Кухонные фартуки артикул 0358
Кухонные фартуки из МДФ,Кухонные фартуки артикул 0129,Кухонные фартуки артикул 0129,https://www.panda-panel.ru/upload/resize_cache/iblock/0bb/500_500_1/0bb0aad26699e4421685c49be472cfff.jpg,3 500,Кухонные фартуки артикул 0129
Кухонные фартуки из МДФ,Кухонные фартуки артикул 0148,Кухонные фартуки артикул 0148,https://www.panda-panel.ru/upload/resize_cache/iblock/13c/500_500_1/13c39551d145472ed6997f58d9ba822f.jpg,3 500,Кухонные фартуки артикул 0148
Кухонные фартуки из МДФ,Кухонные фартуки артикул 0116,Кухонные фартуки артикул 0116,https://www.panda-panel.ru/upload/resize_cache/iblock/565/500_500_1/565cb9d0fb0fb9bf8709ed537b3d2c43.jpg,3 500,Кухонные фартуки артикул 0116
Кухонные фартуки из МДФ,Кухонные фартуки артикул 0269,Кухонные фартуки артикул 0269,https://www.panda-panel.ru/upload/resize_cache/iblock/47c/500_500_1/47cb6b4e1f0f5d19240cd90333d0a5c5.jpg,3 500,Кухонные фартуки артикул 0269
Кухонные фартуки из МДФ,Кухонные фартуки артикул 0175,Кухонные фартуки артикул 0175,https://www.panda-panel.ru/upload/resize_cache/iblock/63a/500_500_1/63a8594496c7292bb898d67353fdc216.jpg,3 500,Кухонные фартуки артикул 0175
Кухонные фартуки из МДФ,Кухонные фартуки артикул 0109,Кухонные фартуки артикул 0109,https://www.panda-panel.ru/upload/resize_cache/iblock/0ca/500_500_1/0ca630e5c408a0688340be9bb633c936.jpg,3 500,Кухонные фартуки артикул 0109
Кухонные фартуки из МДФ,Кухонные фартуки артикул 0322,Кухонные фартуки артикул 0322,https://www.panda-panel.ru/upload/resize_cache/iblock/cd9/500_500_1/cd9e060d9f4f797696b8bc382920f6e7.jpg,3 500,Кухонные фартуки артикул 0322
Кухонные фартуки из МДФ,Кухонные фартуки артикул 0248,Кухонные фартуки артикул 0248,https://www.panda-panel.ru/upload/resize_cache/iblock/3f5/500_500_1/3f5d164adf56c4dabd0261862b7bad04.jpg,3 500,Кухонные фартуки артикул 0248
Кухонные фартуки из МДФ,Кухонные фартуки артикул 0216,Кухонные фартуки артикул 0216,https://www.panda-panel.ru/upload/resize_cache/iblock/c34/500_500_1/c348fbd64d1e2ef14319780f33617426.jpg,3 500,Кухонные фартуки артикул 0216
Кухонные фартуки из МДФ,Кухонные фартуки артикул 0203,Кухонные фартуки артикул 0203,https://www.panda-panel.ru/upload/resize_cache/iblock/f2e/500_500_1/f2e0076b5b8a37ba849313bff3dfd8e4.jpg,3 500,Кухонные фартуки артикул 0203
Кухонные фартуки из МДФ,Кухонные фартуки артикул 0295,Кухонные фартуки артикул 0295,https://www.panda-panel.ru/upload/resize_cache/iblock/b63/500_500_1/b6366007d72f6d4aa9aed788ceaa17ff.jpg,3 500,Кухонные фартуки артикул 0295
Кухонные фартуки из МДФ,Кухонные фартуки артикул 0299,Кухонные фартуки артикул 0299,https://www.panda-panel.ru/upload/resize_cache/iblock/746/500_500_1/7466099fbd02e9c145dda2661ac99432.jpg,3 500,Кухонные фартуки артикул 0299
Кухонные фартуки из МДФ,Кухонные фартуки артикул 0183,Кухонные фартуки артикул 0183,https://www.panda-panel.ru/upload/resize_cache/iblock/c9c/500_500_1/c9cc0bff1f54882ba0dde1d2526ad91e.jpg,3 500,Кухонные фартуки артикул 0183
Кухонные фартуки из МДФ,Кухонные фартуки артикул 0267,Кухонные фартуки артикул 0267,https://www.panda-panel.ru/upload/resize_cache/iblock/a47/500_500_1/a476cfaae54d955e690ac8b963c0ed3a.jpg,3 500,Кухонные фартуки артикул 0267
Кухонные фартуки из МДФ,Кухонные фартуки артикул 0357,Кухонные фартуки артикул 0357,https://www.panda-panel.ru/upload/resize_cache/iblock/eea/500_500_1/eea18350ba46d3cc7121f4549fd96923.jpg,3 500,Кухонные фартуки артикул 0357
Кухонные фартуки из МДФ,Кухонные фартуки артикул 0324,Кухонные фартуки артикул 0324,https://www.panda-panel.ru/upload/resize_cache/iblock/de8/500_500_1/de894b2b25b2d080fef6498299dd14fa.jpg,3 500,Кухонные фартуки артикул 0324
Кухонные фартуки из МДФ,Кухонные фартуки артикул 0132,Кухонные фартуки артикул 0132,https://www.panda-panel.ru/upload/resize_cache/iblock/95e/500_500_1/95eff3662d33e5b936ed487c9804696a.jpg,3 500,Кухонные фартуки артикул 0132
Кухонные фартуки из МДФ,Кухонные фартуки артикул 0151,Кухонные фартуки артикул 0151,https://www.panda-panel.ru/upload/resize_cache/iblock/b09/500_500_1/b09c51a7228df9ff6af1b368c0d1b33f.jpg,3 500,Кухонные фартуки артикул 0151
Кухонные фартуки из МДФ,Кухонные фартуки артикул 0318,Кухонные фартуки артикул 0318,https://www.panda-panel.ru/upload/resize_cache/iblock/dd2/500_500_1/dd22ddd1bce4d7700249a3ba739b9f4e.jpg,3 500,Кухонные фартуки артикул 0318
Кухонные фартуки из МДФ,Кухонные фартуки артикул 0285,Кухонные фартуки артикул 0285,https://www.panda-panel.ru/upload/resize_cache/iblock/c38/500_500_1/c3885e30e392e785ebf42f90aed1f9ce.jpg,3 500,Кухонные фартуки артикул 0285
Кухонные фартуки из МДФ,Кухонные фартуки артикул 0343,Кухонные фартуки артикул 0343,https://www.panda-panel.ru/upload/resize_cache/iblock/b7f/500_500_1/b7fbee6a5ad8a9d70cf1cacefafc3e21.jpg,3 500,Кухонные фартуки артикул 0343
Кухонные фартуки из МДФ,Кухонные фартуки артикул 0366,Кухонные фартуки артикул 0366,https://www.panda-panel.ru/upload/resize_cache/iblock/5d1/500_500_1/5d1781536204e6a99b1543e7323e09ad.jpg,3 500,Кухонные фартуки артикул 0366
Кухонные фартуки из МДФ,Кухонные фартуки артикул 0258,Кухонные фартуки артикул 0258,https://www.panda-panel.ru/upload/resize_cache/iblock/a0c/500_500_1/a0c3661023b996edc46408d37b5a1fc5.jpg,3 500,Кухонные фартуки артикул 0258
Кухонные фартуки из МДФ,Кухонные фартуки артикул 0330,Кухонные фартуки артикул 0330,https://www.panda-panel.ru/upload/resize_cache/iblock/574/500_500_1/574ecd760857c7982ac3e40c624552d8.jpg,3 500,Кухонные фартуки артикул 0330
Кухонные фартуки из МДФ,Кухонные фартуки артикул 0226,Кухонные фартуки артикул 0226,https://www.panda-panel.ru/upload/resize_cache/iblock/5c6/500_500_1/5c601d7f23608ac6896279dafa737767.jpg,3 500,Кухонные фартуки артикул 0226
Кухонные фартуки из МДФ,Кухонные фартуки артикул 0305,Кухонные фартуки артикул 0305,https://www.panda-panel.ru/upload/resize_cache/iblock/3b3/500_500_1/3b3b650f0faa55ba9b84470196dbe7a2.jpg,3 500,Кухонные фартуки артикул 0305
Кухонные фартуки из МДФ,Кухонные фартуки артикул 0171,Кухонные фартуки артикул 0171,https://www.panda-panel.ru/upload/resize_cache/iblock/2f5/500_500_1/2f5248eda26eaedbbbeabc37774f6a05.jpg,3 500,Кухонные фартуки артикул 0171
Кухонные фартуки из МДФ,Кухонные фартуки артикул 0142,Кухонные фартуки артикул 0142,https://www.panda-panel.ru/upload/resize_cache/iblock/f19/500_500_1/f19be0727a1fb1e3ad87607e7be63493.jpg,3 500,Кухонные фартуки артикул 0142
Кухонные фартуки из МДФ,Кухонные фартуки артикул 0307,Кухонные фартуки артикул 0307,https://www.panda-panel.ru/upload/resize_cache/iblock/bb4/500_500_1/bb4a894e66b34e17b56acf23afa47d43.jpg,3 500,Кухонные фартуки артикул 0307
Кухонные фартуки из МДФ,Кухонные фартуки артикул 0255,Кухонные фартуки артикул 0255,https://www.panda-panel.ru/upload/resize_cache/iblock/7ab/500_500_1/7ab1b2e217ea70b04caba70065f58cf1.jpg,3 500,Кухонные фартуки артикул 0255
Кухонные фартуки из МДФ,Кухонные фартуки артикул 0223,Кухонные фартуки артикул 0223,https://www.panda-panel.ru/upload/resize_cache/iblock/d7c/500_500_1/d7caca75b675155df742cd28fac14fd1.jpg,3 500,Кухонные фартуки артикул 0223
Кухонные фартуки из МДФ,Кухонные фартуки артикул 0363,Кухонные фартуки артикул 0363,https://www.panda-panel.ru/upload/resize_cache/iblock/624/500_500_1/62485dd8bc8a93b4ec00a85100f1e8ea.jpg,3 500,Кухонные фартуки артикул 0363
Кухонные фартуки из МДФ,Кухонные фартуки артикул 0206,Кухонные фартуки артикул 0206,https://www.panda-panel.ru/upload/resize_cache/iblock/054/500_500_1/05403727ddc913cb981cfe845e65b96c.jpg,3 500,Кухонные фартуки артикул 0206
Кухонные фартуки из МДФ,Кухонные фартуки артикул 0329,Кухонные фартуки артикул 0329,https://www.panda-panel.ru/upload/resize_cache/iblock/a7a/500_500_1/a7a04e42537e677ace0ccb16d4bca8d2.jpg,3 500,Кухонные фартуки артикул 0329
Кухонные фартуки из МДФ,Кухонные фартуки артикул 0294,Кухонные фартуки артикул 0294,https://www.panda-panel.ru/upload/resize_cache/iblock/a3c/500_500_1/a3cb89f6bba656305c5b9c73dfc1410c.jpg,3 500,Кухонные фартуки артикул 0294
Кухонные фартуки из МДФ,Кухонные фартуки артикул 0143,Кухонные фартуки артикул 0143,https://www.panda-panel.ru/upload/resize_cache/iblock/f63/500_500_1/f63312edd3b9b3dc0af13250eb77998b.jpg,3 500,Кухонные фартуки артикул 0143
Кухонные фартуки из МДФ,Кухонные фартуки артикул 0174,Кухонные фартуки артикул 0174,https://www.panda-panel.ru/upload/resize_cache/iblock/d25/500_500_1/d25cb54961c1c788acb0f30fdd479fcd.jpg,3 500,Кухонные фартуки артикул 0174
Кухонные фартуки из МДФ,Кухонные фартуки артикул 0110,Кухонные фартуки артикул 0110,https://www.panda-panel.ru/upload/resize_cache/iblock/f56/500_500_1/f560daec9415368eb498f23b2b59a9df.jpg,3 500,Кухонные фартуки артикул 0110
Кухонные фартуки из МДФ,Кухонные фартуки артикул 0242,Кухонные фартуки артикул 0242,https://www.panda-panel.ru/upload/resize_cache/iblock/ef4/500_500_1/ef4110c33a89b3fe5104eb6e2211347c.jpg,3 500,Кухонные фартуки артикул 0242
Кухонные фартуки из МДФ,Кухонные фартуки артикул 0348,Кухонные фартуки артикул 0348,https://www.panda-panel.ru/upload/resize_cache/iblock/e43/500_500_1/e4334796a64af178d774b6b9ac06b851.jpg,3 500,Кухонные фартуки артикул 0348
Кухонные фартуки из МДФ,Кухонные фартуки артикул 0176,Кухонные фартуки артикул 0176,https://www.panda-panel.ru/upload/resize_cache/iblock/909/500_500_1/9094fb4f43be727c833c5e4a219af5b8.jpg,3 500,Кухонные фартуки артикул 0176
Кухонные фартуки из МДФ,Кухонные фартуки артикул 0353,Кухонные фартуки артикул 0353,https://www.panda-panel.ru/upload/resize_cache/iblock/482/500_500_1/4829d3ac701b961fd4ba109082b34ebc.jpg,3 500,Кухонные фартуки артикул 0353
Кухонные фартуки из МДФ,Кухонные фартуки артикул 0321,Кухонные фартуки артикул 0321,https://www.panda-panel.ru/upload/resize_cache/iblock/f4a/500_500_1/f4a676c85cea394576a15a66de59cb04.jpg,3 500,Кухонные фартуки артикул 0321
Кухонные фартуки из МДФ,Кухонные фартуки артикул 0239,Кухонные фартуки артикул 0239,https://www.panda-panel.ru/upload/resize_cache/iblock/61c/500_500_1/61ce3c8b7fbf8a09fb666a169ee09ba9.jpg,3 500,Кухонные фартуки артикул 0239
Кухонные фартуки из МДФ,Кухонные фартуки артикул 0312,Кухонные фартуки артикул 0312,https://www.panda-panel.ru/upload/resize_cache/iblock/434/500_500_1/434aa3c7208ed8e25b66fdf541780c4b.jpg,3 500,Кухонные фартуки артикул 0312
