Category_name,Category_img
Ар брют Мэрит Серенити,https://1617657.ssl.1c-bitrix-cdn.ru/upload/iblock/c2f/c2f36cf7610fe299ccb5695ea6109ad6.jpg?16008890041900
Ля Флер Энерджи Комфорт,https://1617657.ssl.1c-bitrix-cdn.ru/upload/iblock/133/13301201afc121b2f781f680a03318df.jpg?16008811041278
Астро™ Дольче Вита™,https://1617657.ssl.1c-bitrix-cdn.ru/upload/iblock/242/242275f3711e904c193f8c8f1d3b42c3.png?160088202516101
Прованс™,https://1617657.ssl.1c-bitrix-cdn.ru/upload/iblock/a69/a690f125b63b4a615c1d5c0c29bdd28a.jpg?16008888982069
Пробуждение,https://1617657.ssl.1c-bitrix-cdn.ru/upload/iblock/360/360407b6cd128ab38d0c57463159b59f.png?160088104613985
Оранда™,https://1617657.ssl.1c-bitrix-cdn.ru/upload/iblock/29e/29e6d48f9e9f295dc14fcbb5d966ff56.jpg?16008888981975
Мозаика и классика™,https://1617657.ssl.1c-bitrix-cdn.ru/upload/iblock/da9/da903a40006e835f95887eb63c8ac7f4.jpg?16008820303029
Термолак Оранда™,https://1617657.ssl.1c-bitrix-cdn.ru/upload/iblock/bbe/bbe433c5cd20521d38dae4c479d17fb4.jpg?16008809622406
Цветочная Оранда™,https://1617657.ssl.1c-bitrix-cdn.ru/upload/iblock/999/999edf155edaf885b6e68d9f26181888.jpg?16008820292394
FANTASY ФАРН,https://1617657.ssl.1c-bitrix-cdn.ru/upload/iblock/619/61987871aecdb22fb37aab1595cf856a.jpg?16008810472115
Дерево и камень,https://1617657.ssl.1c-bitrix-cdn.ru/upload/iblock/556/55688d71a6759b03911f4f0935adee09.jpg?15674088972194
Основная коллекция,https://1617657.ssl.1c-bitrix-cdn.ru/upload/iblock/a49/a49e3230dbf9c109b7819eeb7a8243af.jpg?1600881076985
Multiline,https://1617657.ssl.1c-bitrix-cdn.ru/upload/iblock/405/405efb2f05229f150f3f2118ed53db40.png?160088890411756
