model,title
Оникс,02210 дизайн - панели PANDA «Оникс»
Оникс,02230 дизайн - панели PANDA «Оникс» Панно
Белый мрамор,04010 дизайн - панели PANDA «Белый мрамор»
Египет,02810 дизайн - панели PANDA «Египет» Панно
Египет,02820 дизайн - панели PANDA «Египет» Панно
Релакс,04710 дизайн - панели PANDA «Релакс»
Вечер в Голландии,"06310 дизайн-панели PANDA ""Вечер в Голландии"""
Травертин,04210 дизайн - панели PANDA «Травертин»
Париж,01710 дизайн-панели PANDA «Париж» Панно
Рим,00610 дизайн - панели PANDA «Рим» Панно
Струны души,05510 дизайн - панели PANDA Струны души
Лотос,05110 дизайн - панели PANDA «Лотос»
Лотос,05120 дизайн - панели PANDA «Лотос»
Зебра,02910 дизайн - панели PANDA «Зебра» Панно
Таинственный сад,06610 дизайн - панели PANDA «Таинственный сад»
Атлантика,"05710 дизайн - панели PANDA ""Атлантика"""
Прованс,01210 дизайн - панели PANDA «Прованс» Панно
Полет,05610 дизайн - панели PANDA Полет
Белые кружева,00510 дизайн - панели PANDA «Белые кружева» Панно
Белые кружева,00520 дизайн - панели PANDA «Белые кружева» Панно
Белые кружева,00530 дизайн - панели PANDA «Белые кружева»
Белые кружева,00550 дизайн - панели PANDA «Белые кружева» Панно
Лазурь,"07310 дизайн-панели PANDA ""Лазурь"""
Шарм,01640 дизайн - панели PANDA «Шарм»
Дикая орхидея,00310 дизайн - панели PANDA «Дикая орхидея» Панно
Дикая орхидея,00320 дизайн - панели PANDA «Дикая орхидея»
Лаванда,04510 дизайн - панели PANDA «Лаванда»
Всплеск эмоций,"05410 Дизайн - панели PANDA ""Всплеск эмоций"""
Грация,04810 дизайн-панели PANDA Грация
Индиго,"07510 дизайн-панели PANDA ""Индиго"""
Романтика,06810 дизайн - панели PANDA «Романтика»
Романтика,06820 дизайн - панели PANDA «Романтика»
Потолочная панель. Куб,04170 Потолочная панель. Куб
Жар-птица,01510 дизайн - панели PANDA «Жар-птица»
Мечта,02510 дизайн - панели PANDA «Мечта»
Морской бриз,00210 дизайн - панели PANDA «Морской бриз» Панно
Потолочная панель. Листья,01460 Потолочная панель. Листья
Звёздное сияние,"07210 дизайн-панели PANDA ""Звёздное сияние"""
Потолочная панель. Небо,04120 дизайн - панели PANDA Потолочная панель. Небо Панно
Потолочная панель. Сакура,04110 дизайн - панели PANDA Потолочная панель. Сакура Панно
Потолочная панель. Сакура,04111 дизайн - панели PANDA Потолочная панель. Сакура
Потолочная панель. Цветы,04140 дизайн - панели PANDA Потолочная панель. Цветы Панно
Потолочная панель. Вода,04130 дизайн - панели PANDA Потолочная панель. Вода Панно
Цветущий шиповник,00110 дизайн - панели PANDA «Цветущий шиповник» Панно
Дамасский узор,03710 дизайн - панели PANDA «Дамасский узор»
Панда,05210 дизайн - панели PANDA «Панда»
Потолочная панель. Космос,04150 Дизайн-панели PANDA Потолочная панель. Космос Панно
Леопард,03410 дизайн - панели PANDA «Леопард» Панно
Леопард,03420 дизайн - панели PANDA «Леопард»
Леопард,03430 дизайн - панели PANDA «Леопард»
Путешествие,"06010 Дизайн-панели PANDA ""Путешествие"""
Гармония,01810 дизайн-панели PANDA «Гармония»
Гармония,01820 дизайн-панели PANDA «Гармония» Панно
Голубая лилия,07110 дизайн-панели PANDA «Голубая лилия» фон
Цветочные узоры,06710 дизайн - панели PANDA «Цветочные узоры»
Тропики,00410 дизайн - панели PANDA «Тропики» Панно
Каменная княжна,"06110 дизайн-панели PANDA ""Каменная княжна"""
Шоколад,05310 дизайн - панели PANDA «Шоколад»
Эдем,"06510 дизайн-панели PANDA ""Эдем"""
3Д Текстура,"07710 дизайн-панели PANDA ""3Д Текстура"""
Классика,04410 дизайн-панели PANDA «Классика»
Отражение,"07610 дизайн-панели PANDA ""Отражение"""
Вокруг света,03610 дизайн-панели PANDA «Вокруг света»
Состаренный кирпич,01420 дизайн - панели PANDA «Состаренный кирпич»
Винтаж,04910 дизайн-панели PANDA Винтаж
Винтаж,04920 дизайн-панели PANDA Винтаж
Винтаж,04930 дизайн-панели PANDA Винтаж
Винтаж,04940 дизайн-панели PANDA Винтаж
Винтаж,04950 дизайн-панели PANDA Винтаж
